"fecha","valor"
2022-03-07,504.5
2022-03-14,496.7
2022-03-21,486.3
2022-03-28,495.3
2022-04-04,502.9
2022-04-11,507.3
2022-04-18,527.6
2022-04-25,505.3
2022-05-02,509.8
2022-05-09,497.4
2022-05-16,482
2022-05-23,495
2022-05-30,509
2022-06-06,500.1
2022-06-13,497.4
2022-06-20,502.6
2022-06-27,502
2022-07-04,491.1
2022-07-11,497.2
2022-07-18,501.6
2022-07-25,491.1
2022-08-01,492.5
2022-08-08,479.4
2022-08-15,483.6
2022-08-22,481.2
2022-08-29,485.7
2022-09-05,475.2
2022-09-12,489.6
2022-09-19,454.9
2022-09-26,462.1
2022-10-03,477.2
2022-10-10,481.7
2022-10-17,478.1
2022-10-24,464.3
2022-10-31,455.4
2022-11-07,468.9
2022-11-14,465.2
2022-11-21,463.9
2022-11-28,469.8
2022-12-05,467.5
2022-12-12,455.1
2022-12-19,466.5
2022-12-26,477
2023-01-02,466.7
2023-01-09,481.3
2023-01-16,479.6
2023-01-23,474.4
2023-01-30,489.5
2023-02-06,485.1
2023-02-13,505.3
2023-02-20,494.3
2023-02-27,493.2
2023-03-06,493.7
2023-03-13,481.5
2023-03-20,476.7
2023-03-27,494.1
2023-04-03,487
2023-04-10,484.6
2023-04-17,503.7
2023-04-24,480.7
2023-05-01,493.9
2023-05-08,494.5
2023-05-15,506.6
2023-05-22,502.6
2023-05-29,495.9
2023-06-05,484.9
2023-06-12,484.6
2023-06-19,500.7
2023-06-26,497
2023-07-03,507
2023-07-10,514.1
2023-07-17,501.9
2023-07-24,497
2023-07-31,502.9
2023-08-07,496.2
2023-08-14,496.6
2023-08-21,489.6
2023-08-28,485.7
2023-09-04,501.3
2023-09-11,505.2
2023-09-18,485
2023-09-25,506.5
2023-10-02,479.7
2023-10-09,494.9
2023-10-16,508
2023-10-23,493.5
2023-10-30,497.3
2023-11-06,498.8
2023-11-13,501.3
2023-11-20,499.7
2023-11-27,503.7
2023-12-04,497.4
2023-12-11,486.8
2023-12-18,504.6
2023-12-25,508.3
2024-01-01,463.5
2024-01-08,497.3
2024-01-15,496.1
2024-01-22,502.6
2024-01-29,501.1
2024-02-05,494.8
2024-02-12,494
2024-02-19,511.8
2024-02-26,493.2
2024-03-04,473
2024-03-11,472.7
2024-03-18,491.4
2024-03-25,495.7
2024-04-01,481.4
2024-04-08,489.4
2024-04-15,493.3
2024-04-22,491.3
2024-04-29,499.7
2024-05-06,496.3
2024-05-13,482.5
2024-05-20,510.8
2024-05-27,512
2024-06-03,495.2
2024-06-10,471.1
2024-06-17,481.3
2024-06-24,474.1
2024-07-01,479.8
2024-07-08,496.5
2024-07-15,471.7
2024-07-22,494.7
2024-07-29,488.8
2024-08-05,477.4
2024-08-12,473.6
2024-08-19,464
2024-08-26,479
2024-09-02,477.8
2024-09-09,478.6
2024-09-16,487.7
2024-09-23,490.4
2024-09-30,451.8
2024-10-07,484.1
2024-10-14,478.3
2024-10-21,469.3
2024-10-28,491.2
2024-11-04,478.7
2024-11-11,481.4
2024-11-18,476.5
2024-11-25,488.7
2024-12-02,490.9
2024-12-09,503
2024-12-16,519.1
2024-12-23,497.8
2024-12-30,495.2
2025-01-06,500.1
2025-01-13,514.6
2025-01-20,515.4
2025-01-27,500.7
2025-02-03,517.6
2025-02-10,525.3
2025-02-17,541.9
2025-02-24,509.9
2025-03-03,516.2
2025-03-10,520.5
2025-03-17,503.2
2025-03-24,524.1
2025-03-31,526.3
2025-04-07,513.4
2025-04-14,518
2025-04-21,518.4
2025-04-28,515.1
2025-05-05,509.3
2025-05-12,518.9
2025-05-19,530.2
2025-05-26,514.4
2025-06-02,523.9
2025-06-09,519.7
2025-06-16,535.5
2025-06-23,540.1
2025-06-30,531.1
2025-07-07,536.2
2025-07-14,534.9
2025-07-21,539.4
2025-07-28,552.4
2025-08-04,545.8
2025-08-11,538.1
2025-08-18,545.7
2025-08-25,550
2025-09-01,537.6
2025-09-08,545.2
2025-09-15,565.7
2025-09-22,547.5
2025-09-29,551.7
2025-10-06,528.2
2025-10-13,528.9
2025-10-20,529.1
2025-10-27,533.7
2025-11-03,576.4
2025-11-10,554.7
2025-11-17,556.1
2025-11-24,577.5
2025-12-01,573.8
2025-12-08,561.9
2025-12-15,558.4
2025-12-22,560.5
2025-12-29,542.3
